{"options":{"awareOfChrome":false,"check_for_updates":true,"comment":null,"compat_arrayleft":false,"compat_foreach":false,"compat_forvarin":false,"compat_metadata":false,"compat_uW_gmonkey":false,"compat_wrappedjsobject":false,"compatopts_for_requires":true,"noframes":null,"override":{"merge_connects":true,"merge_excludes":true,"merge_includes":true,"merge_matches":true,"orig_excludes":[],"orig_includes":["http*://*180upload.com/*","http*://*4upfiles.com/*","http*://*get*.adobe.com/*flashplayer/*","http*://*get*.adobe.com/*reader/*","http*://*afterdawn.com/software/*","http*://*akafile.com/akago.php","http*://*chip.de/downloads/*","http*://*clicknupload.com/*","http*://*cloudyvideos.com/*","http*://*coolrom.com/*/*","http*://*clipconverter.cc/download/*","http*://*dailyuploads.net/*","http*://*datafilehost.com/d/*","http*://*davvas.com/*","http*://*d-h.st/*","http*://*download.cnet.com/*","http*://*telecharger.cnet.com/*","http*://*descargar.cnet.com/*","http*://*de.download.cnet.com/*","http*://*filefactory.com/file/*","http*://*filescdn.com/*","http*://*filehippo.com/*download*","http*://*freewarefiles.com/downloads_counter.php*","http*://*google.*/earth/download/ge/agree.html","http*://*hugefiles.net/*","http*://*hulkload.com/*","http*://*kingfiles.net/*","http*://*letitbit.net/download/*","http*://*loveroms.com/*","http*://*up.media1fire.com/*","http*://*mightyupload.com/*","http*://*mp3fil.*/get/*","http*://*mp3juices.to/*","http*://*mp3olimp.net/*","http*://*mp3olimpz.com/*","http*://*opensubtitles.org/*/subtitles/*","http*://*revclouds.com/*","http*://*romhustler.net/download/*","http*://*romhustler.net/rom/*","http*://*secureupload.eu/*","http*://*sendspace.com/file/*","http*://*sharebeast.com/*","http*://*shared.com/*","http*://*softm8.com*","http*://*.softonic.*","http*://*sourceforge.net/*","http*://*tusfiles.net/*","http*://*unlimitzone.com/*","http*://*uploading.com/*","http*://*uploadocean.com/*","http*://*uplod.ws/*","http*://*uploads.to/*","http*://*uptobox.com/*","http*://*userscdn.com/*","http*://*ziddu.com/downloadfile/*"],"orig_matches":[],"orig_noframes":null,"orig_run_at":"document-start","use_blockers":[],"use_connects":[],"use_excludes":[],"use_includes":[],"use_matches":[]},"run_at":null},"settings":{"enabled":true,"position":23},"meta":{"name":"AntiAdware","uuid":"13eb590c-0432-463e-b983-8ca134dba0b3","modified":1588666410554,"file_url":"https://greasyfork.org/scripts/4294-antiadware/code/AntiAdware.user.js"}}