{"options":{"awareOfChrome":false,"check_for_updates":true,"comment":null,"compat_arrayleft":false,"compat_foreach":false,"compat_forvarin":false,"compat_metadata":false,"compat_uW_gmonkey":false,"compat_wrappedjsobject":false,"compatopts_for_requires":true,"noframes":null,"override":{"merge_connects":true,"merge_excludes":true,"merge_includes":true,"merge_matches":true,"orig_excludes":[],"orig_includes":[],"orig_matches":["https://jingyan.baidu.com/article/*"],"orig_noframes":null,"orig_run_at":"document-idle","use_blockers":[],"use_connects":[],"use_excludes":[],"use_includes":[],"use_matches":[]},"run_at":null},"settings":{"enabled":true,"position":32},"meta":{"name":"Baidu Jingyan 百度经验 目录列表","uuid":"06ff481e-d86c-4a15-a9e3-c6f4c6fc8cd9","modified":1590473531209}}