{"options":{"awareOfChrome":false,"check_for_updates":true,"comment":null,"compat_arrayleft":false,"compat_foreach":false,"compat_forvarin":false,"compat_metadata":false,"compat_uW_gmonkey":false,"compat_wrappedjsobject":false,"compatopts_for_requires":true,"noframes":null,"override":{"merge_connects":true,"merge_excludes":true,"merge_includes":true,"merge_matches":true,"orig_connects":["bilibili.com","hd2a.tk","127.0.0.1","localhost","self"],"orig_excludes":[],"orig_includes":["https://www.bilibili.com/bangumi/play/*"],"orig_matches":[],"orig_noframes":null,"orig_run_at":"document-start","use_blockers":[],"use_connects":[],"use_excludes":[],"use_includes":[],"use_matches":[]},"run_at":null},"settings":{"enabled":true,"position":49},"meta":{"name":"B站番剧解锁","uuid":"988be4a9-5dc9-47b9-ba43-9e421e9d8da9","modified":1617770388629,"file_url":"https://greasyfork.org/scripts/420763-b%E7%AB%99%E7%95%AA%E5%89%A7%E8%A7%A3%E9%94%81/code/B%E7%AB%99%E7%95%AA%E5%89%A7%E8%A7%A3%E9%94%81.user.js"}}