{"data":{"buinfo.bilibili.com":"s{\"uid\":317014909,\"level\":5,\"csrf\":\"d232f6d8d841094e8794ff143b869c7a\",\"cookie\":\"_uuid=72C2A12F-D212-B329-BF55-B0ADEC277C0474885infoc;buvid3=0547BEB1-BD89-49B2-9F51-E8EC4BAFF41818549infoc;CURRENT_FNVAL=80;rpdid=|(k|k)Y~k)mR0J'uYuJRlJ|mY;balh_server_inner=__custom__;balh_is_closed=;CURRENT_QUALITY=80;LIVE_BUVID=AUTO5116150368599351;fingerprint=57752da6180a98c799f125a13bd59cee;buvid_fp=0547BEB1-BD89-49B2-9F51-E8EC4BAFF41818549infoc;buvid_fp_plain=0547BEB1-BD89-49B2-9F51-E8EC4BAFF41818549infoc;SESSDATA=d2e42b92%2C1630643857%2C41c2d%2A31;bili_jct=d232f6d8d841094e8794ff143b869c7a;DedeUserID=317014909;DedeUserID__ckMd5=118a6077fdcc1250;sid=4tcafmo0;blackside_state=1;PVID=1;bp_t_offset_317014909=510056713920447543;finger=1777945899;bp_video_offset_317014909=510056713920447543\"}","latest.bilibili.com":"s1617617906","zone.bilibili.com":"s{\"addr\":\"183.234.11.206\",\"country\":\"中国\",\"province\":\"广东\",\"city\":\"清远\",\"isp\":\"移动\",\"latitude\":23.7132,\"longitude\":113.023308,\"zone_id\":4227312,\"country_code\":86}","zone2.bilibili.com":"s{\"addr\":\"183.234.11.206\",\"country\":\"中国\",\"province\":\"广东\",\"city\":\"清远\",\"isp\":\"移动\",\"latitude\":23.7132,\"longitude\":113.023308,\"zone_id\":4227312,\"country_code\":86}"},"ts":1617614305752}