{"options":{"awareOfChrome":false,"check_for_updates":true,"comment":null,"compat_arrayleft":false,"compat_foreach":false,"compat_forvarin":false,"compat_metadata":false,"compat_uW_gmonkey":false,"compat_wrappedjsobject":false,"compatopts_for_requires":true,"noframes":null,"override":{"merge_connects":true,"merge_excludes":true,"merge_includes":true,"merge_matches":true,"orig_connects":[],"orig_excludes":[],"orig_includes":[],"orig_matches":["https://*.chaoxing.com/mycourse/studentstudy?*"],"orig_noframes":null,"orig_run_at":"document-idle","use_blockers":[],"use_connects":[],"use_excludes":[],"use_includes":[],"use_matches":[]},"run_at":null},"settings":{"enabled":true,"position":54},"meta":{"name":"chaoxing-download","uuid":"ca742990-2657-4717-bb7f-9fb18f06dd9b","modified":1617630197754,"file_url":"https://greasyfork.org/scripts/404869-chaoxing-download/code/chaoxing-download.user.js"}}