{"options":{"awareOfChrome":false,"check_for_updates":true,"comment":null,"compat_arrayleft":false,"compat_foreach":false,"compat_forvarin":false,"compat_metadata":false,"compat_uW_gmonkey":false,"compat_wrappedjsobject":false,"compatopts_for_requires":true,"noframes":null,"override":{"merge_connects":true,"merge_excludes":true,"merge_includes":true,"merge_matches":true,"orig_connects":[],"orig_excludes":[],"orig_includes":[],"orig_matches":["*://github.com/*","*://hub.fastgit.org/*"],"orig_noframes":null,"orig_run_at":"document-end","use_blockers":[],"use_connects":[],"use_excludes":[],"use_includes":[],"use_matches":[]},"run_at":null},"settings":{"enabled":true,"position":46},"meta":{"name":"Github 增强 - 高速下载","uuid":"5bb68c31-dca8-4c1d-a2bb-c158c16b571e","modified":1617675963185,"file_url":"https://greasyfork.org/scripts/412245-github-%E5%A2%9E%E5%BC%BA-%E9%AB%98%E9%80%9F%E4%B8%8B%E8%BD%BD/code/Github%20%E5%A2%9E%E5%BC%BA%20-%20%E9%AB%98%E9%80%9F%E4%B8%8B%E8%BD%BD.user.js"}}