{"options":{"awareOfChrome":false,"check_for_updates":true,"comment":null,"compat_arrayleft":false,"compat_foreach":false,"compat_forvarin":false,"compat_metadata":false,"compat_uW_gmonkey":false,"compat_wrappedjsobject":false,"compatopts_for_requires":true,"noframes":null,"override":{"merge_connects":true,"merge_excludes":true,"merge_includes":true,"merge_matches":true,"orig_excludes":[],"orig_includes":["/^https?://(?:www|encrypted|ipv[46])\\.google\\.[^/]+/(?:$|[#?]|search|webhp|imgres)/"],"orig_matches":["https://news.google.com/*","https://cse.google.com/cse/*"],"orig_noframes":null,"orig_run_at":"document-start","use_blockers":[],"use_connects":[],"use_excludes":[],"use_includes":[],"use_matches":[]},"run_at":null},"settings":{"enabled":true,"position":30},"meta":{"name":"Google: Direct Links for Pages and Images","uuid":"f9a97daa-aa7a-4b9e-90a6-407f05f1db4d","modified":1590473531187}}