{"options":{"awareOfChrome":false,"check_for_updates":true,"comment":null,"compat_arrayleft":false,"compat_foreach":false,"compat_forvarin":false,"compat_metadata":false,"compat_uW_gmonkey":false,"compat_wrappedjsobject":false,"compatopts_for_requires":true,"noframes":null,"override":{"merge_connects":true,"merge_excludes":true,"merge_includes":true,"merge_matches":true,"orig_excludes":["http://www.toodledo.com/tasks/*","http*://maps.google.com*/*","*://www.google.*/_/chrome/newtab*"],"orig_includes":["http://*","https://*"],"orig_matches":[],"orig_noframes":null,"orig_run_at":"document-end","use_blockers":[],"use_connects":[],"use_excludes":[],"use_includes":[],"use_matches":[]},"run_at":null},"settings":{"enabled":true,"position":39},"meta":{"name":"Picviewer CE+","uuid":"31716e81-05c4-4205-87f6-d9edea4b2f63","modified":1590473531283}}