{"options":{"awareOfChrome":false,"check_for_updates":true,"comment":null,"compat_arrayleft":false,"compat_foreach":false,"compat_forvarin":false,"compat_metadata":false,"compat_uW_gmonkey":false,"compat_wrappedjsobject":false,"compatopts_for_requires":true,"noframes":null,"override":{"merge_connects":true,"merge_excludes":true,"merge_includes":true,"merge_matches":true,"orig_connects":[],"orig_excludes":[],"orig_includes":["*://www.pixiv.net/tags/*"],"orig_matches":["https://www.pixiv.net/"],"orig_noframes":null,"orig_run_at":"document-idle","use_blockers":[],"use_connects":[],"use_excludes":[],"use_includes":[],"use_matches":[]},"run_at":null},"settings":{"enabled":true,"position":55},"meta":{"name":"Pixiv(P站)热门作品推荐功能","uuid":"f78af084-cd2e-42b4-aa8e-02682badc164","modified":1617889350606,"file_url":"https://greasyfork.org/scripts/28604-pixiv-p%E7%AB%99-%E7%83%AD%E9%97%A8%E4%BD%9C%E5%93%81%E6%8E%A8%E8%8D%90%E5%8A%9F%E8%83%BD/code/Pixiv(P%E7%AB%99)%E7%83%AD%E9%97%A8%E4%BD%9C%E5%93%81%E6%8E%A8%E8%8D%90%E5%8A%9F%E8%83%BD.user.js"}}