{"options":{"awareOfChrome":false,"check_for_updates":true,"comment":null,"compat_arrayleft":false,"compat_foreach":false,"compat_forvarin":false,"compat_metadata":false,"compat_uW_gmonkey":false,"compat_wrappedjsobject":false,"compatopts_for_requires":true,"noframes":null,"override":{"merge_connects":true,"merge_excludes":true,"merge_includes":true,"merge_matches":true,"orig_connects":["i.pximg.net","i-f.pximg.net","i-cf.pximg.net"],"orig_excludes":[],"orig_includes":["http*://www.pixiv.net*"],"orig_matches":["http://www.pixiv.net/"],"orig_noframes":true,"orig_run_at":"document-end","use_blockers":[],"use_connects":[],"use_excludes":[],"use_includes":[],"use_matches":[]},"run_at":null},"settings":{"enabled":true,"position":45},"meta":{"name":"Pixiv Plus","uuid":"3e556747-a6e5-4d9f-a204-816e9772bd74","modified":1614684936652,"file_url":"https://greasyfork.org/scripts/34153-pixiv-plus/code/Pixiv%20Plus.user.js"}}