{"options":{"awareOfChrome":false,"check_for_updates":true,"comment":null,"compat_arrayleft":false,"compat_foreach":false,"compat_forvarin":false,"compat_metadata":false,"compat_uW_gmonkey":false,"compat_wrappedjsobject":false,"compatopts_for_requires":true,"noframes":null,"override":{"merge_connects":true,"merge_excludes":true,"merge_includes":true,"merge_matches":true,"orig_excludes":["http://www.gdtgw.cn:8080/*"],"orig_includes":["http*"],"orig_matches":[],"orig_noframes":true,"orig_run_at":"document-end","use_blockers":[],"use_connects":[],"use_excludes":[],"use_includes":[],"use_matches":[]},"run_at":null},"settings":{"enabled":true,"position":3},"meta":{"name":"search engine jump for academic","uuid":"8ed773c7-2299-4a51-a453-cbb3f598f9bf","modified":1610970692253,"file_url":"https://greasyfork.org/scripts/2765-search-engine-jump-for-academic/code/search%20engine%20jump%20for%20academic.user.js"}}