{"options":{"awareOfChrome":false,"check_for_updates":true,"comment":null,"compat_arrayleft":false,"compat_foreach":false,"compat_forvarin":false,"compat_metadata":false,"compat_uW_gmonkey":false,"compat_wrappedjsobject":false,"compatopts_for_requires":true,"noframes":null,"override":{"merge_connects":true,"merge_excludes":true,"merge_includes":true,"merge_matches":true,"orig_excludes":[],"orig_includes":[],"orig_matches":["*://*/*"],"orig_noframes":null,"orig_run_at":"document-end","use_blockers":[],"use_connects":[],"use_excludes":[],"use_includes":[],"use_matches":[]},"run_at":null},"settings":{"enabled":false,"position":34},"meta":{"name":"searchEngineJump 搜索引擎快捷跳转","uuid":"e4beb683-d364-48ee-903b-a90384802f09","modified":1590473531220}}