{"options":{"awareOfChrome":false,"check_for_updates":true,"comment":null,"compat_arrayleft":false,"compat_foreach":false,"compat_forvarin":false,"compat_metadata":false,"compat_uW_gmonkey":false,"compat_wrappedjsobject":false,"compatopts_for_requires":true,"noframes":null,"override":{"merge_connects":true,"merge_excludes":true,"merge_includes":true,"merge_matches":true,"orig_excludes":[],"orig_includes":[],"orig_matches":["http*://*.manhuatai.com/*","http*://*.taomanhua.com/*","http*://*.iyouman.com/*","http*://*.kaimanhua.com/*","http*://*.isamanhua.com/*","http*://*.kanman.com/*","http*://*.zymk.cn/*","http*://*.kuman5.com/*","http*://*.kanman.com/*","http*://www.migudm.cn/comic/*","http*://qiximh.com/*"],"orig_noframes":null,"orig_run_at":"document-idle","use_blockers":[],"use_connects":[],"use_excludes":[],"use_includes":[],"use_matches":[]},"run_at":null},"settings":{"enabled":true,"position":26},"meta":{"name":"VIP会员漫画自动去除付费弹窗与阅读屏蔽","uuid":"3a2c1fa3-f706-4514-b282-6a6a160906dd","modified":1588833248623,"file_url":"https://greasyfork.org/scripts/402354-vip%E4%BC%9A%E5%91%98%E6%BC%AB%E7%94%BB%E8%87%AA%E5%8A%A8%E5%8E%BB%E9%99%A4%E4%BB%98%E8%B4%B9%E5%BC%B9%E7%AA%97%E4%B8%8E%E9%98%85%E8%AF%BB%E5%B1%8F%E8%94%BD/code/VIP%E4%BC%9A%E5%91%98%E6%BC%AB%E7%94%BB%E8%87%AA%E5%8A%A8%E5%8E%BB%E9%99%A4%E4%BB%98%E8%B4%B9%E5%BC%B9%E7%AA%97%E4%B8%8E%E9%98%85%E8%AF%BB%E5%B1%8F%E8%94%BD.user.js"}}