{"options":{"awareOfChrome":false,"check_for_updates":true,"comment":null,"compat_arrayleft":false,"compat_foreach":false,"compat_forvarin":false,"compat_metadata":false,"compat_uW_gmonkey":false,"compat_wrappedjsobject":false,"compatopts_for_requires":true,"noframes":null,"override":{"merge_connects":true,"merge_excludes":true,"merge_includes":true,"merge_matches":true,"orig_excludes":["*://*.wandhi.com/*"],"orig_includes":["*://m.youku.com/v*","*://m.youku.com/a*","*://v.youku.com/v_*","*://*.iqiyi.com/v_*","*://*.iqiyi.com/w_*","*://*.iqiyi.com/a_*","*://*.iqiyi.com/adv*","*://*.le.com/ptv/vplay/*","*v.qq.com/x/cover/*","*v.qq.com/x/page/*","*v.qq.com/*play*","*v.qq.com/cover*","*://*.tudou.com/listplay/*","*://*.tudou.com/albumplay/*","*://*.tudou.com/programs/view/*","*://*.tudou.com/v*","*://*.mgtv.com/b/*","*://film.sohu.com/album/*","*://tv.sohu.com/v/*","*://*.acfun.cn/v/*","*://*.bilibili.com/video/*","*://*.bilibili.com/anime/*","*://*.bilibili.com/bangumi/play/*","*://*.pptv.com/show/*","*://*.baofeng.com/play/*","*://*.wasu.cn/Play/show*","*://v.yinyuetai.com/video/*","*://v.yinyuetai.com/playlist/*","*://*.wasu.cn/Play/show/*","*://music.taihe.com/song*","*://item.taobao.com/*","*://detail.tmall.com/*","*://chaoshi.detail.tmall.com/*","*://detail.tmall.hk/*","*://item.jd.com/*","*://item.jd.hk/*","*://detail.vip.com/detail-*","*://product.suning.com/*","*://music.163.com/song*","*://music.163.com/m/song*","*://y.qq.com/*","*://*.kugou.com/*","*://*.kuwo.cn/*","*://*.xiami.com/*","*://music.taihe.com/*","*://*.1ting.com/player*","*://www.qingting.fm/*","*://www.lizhi.fm/*","*://music.migu.cn/*","*://www.shangxueba.com/ask/*.html","*://www.ximalaya.com/*","*://www.shangxueba.com/ask/*.html","*://pan.baidu.com/disk/home*","*://yun.baidu.com/disk/home*","*://pan.baidu.com/s/*","*://yun.baidu.com/s/*","*://pan.baidu.com/share/link*","*://yun.baidu.com/share/link*"],"orig_matches":[],"orig_noframes":null,"orig_run_at":"document-end","use_blockers":[],"use_connects":[],"use_excludes":[],"use_includes":[],"use_matches":[]},"run_at":null},"settings":{"enabled":false,"position":8},"meta":{"name":"【玩的嗨】VIP工具箱,全网VIP视频免费破解去广告,一站式音乐搜索下载,获取B站封面,下载B站视频,上学吧答案获取等众多功能聚合 2020-10-16 更新，报错请及时反馈","uuid":"7db60a34-29da-4bb8-8b12-c251691ffea2","modified":1603005411798,"file_url":"https://greasyfork.org/scripts/384538-%E7%8E%A9%E7%9A%84%E5%97%A8-vip%E5%B7%A5%E5%85%B7%E7%AE%B1-%E4%B8%80%E7%AB%99%E5%BC%8F%E9%9F%B3%E4%B9%90%E6%90%9C%E7%B4%A2%E4%B8%8B%E8%BD%BD-%E8%8E%B7%E5%8F%96b%E7%AB%99%E5%B0%81%E9%9D%A2-%E4%B8%8A%E5%AD%A6%E5%90%A7%E7%AD%94%E6%A1%88%E8%8E%B7%E5%8F%96%E7%AD%89%E4%BC%97%E5%A4%9A%E5%8A%9F%E8%83%BD%E8%81%9A%E5%90%88-2020-04-08-%E6%9B%B4%E6%96%B0-%E6%8A%A5%E9%94%99%E8%AF%B7%E5%8F%8A%E6%97%B6%E5%8F%8D%E9%A6%88/code/%E3%80%90%E7%8E%A9%E7%9A%84%E5%97%A8%E3%80%91VIP%E5%B7%A5%E5%85%B7%E7%AE%B1,%E4%B8%80%E7%AB%99%E5%BC%8F%E9%9F%B3%E4%B9%90%E6%90%9C%E7%B4%A2%E4%B8%8B%E8%BD%BD,%E8%8E%B7%E5%8F%96B%E7%AB%99%E5%B0%81%E9%9D%A2,%E4%B8%8A%E5%AD%A6%E5%90%A7%E7%AD%94%E6%A1%88%E8%8E%B7%E5%8F%96%E7%AD%89%E4%BC%97%E5%A4%9A%E5%8A%9F%E8%83%BD%E8%81%9A%E5%90%88%202020-04-08%20%E6%9B%B4%E6%96%B0%EF%BC%8C%E6%8A%A5%E9%94%99%E8%AF%B7%E5%8F%8A%E6%97%B6%E5%8F%8D%E9%A6%88.user.js"}}