{"data":{"2021/0/30":"o{\"weeklyExamDone\":true,\"zhuanxiangExamDone\":false}","2021/2/14":"o{\"weeklyExamDone\":true,\"zhuanxiangExamDone\":false}","2021/2/19":"o{\"weeklyExamDone\":true,\"zhuanxiangExamDone\":false}","2021/2/2":"o{\"weeklyExamDone\":true,\"zhuanxiangExamDone\":false}","2021/2/21":"o{\"weeklyExamDone\":true,\"zhuanxiangExamDone\":true}","2021/2/22":"o{\"weeklyExamDone\":true,\"zhuanxiangExamDone\":true}","2021/2/23":"o{\"weeklyExamDone\":true,\"zhuanxiangExamDone\":true}","2021/2/24":"o{\"weeklyExamDone\":true,\"zhuanxiangExamDone\":true}","2021/2/25":"o{\"weeklyExamDone\":true,\"zhuanxiangExamDone\":true}","2021/2/26":"o{\"weeklyExamDone\":true,\"zhuanxiangExamDone\":true}","2021/2/27":"o{\"weeklyExamDone\":true,\"zhuanxiangExamDone\":true}","2021/2/28":"o{\"weeklyExamDone\":true,\"zhuanxiangExamDone\":true}","2021/2/31":"o{\"weeklyExamDone\":true,\"zhuanxiangExamDone\":true}","2021/3/11":"o{\"weeklyExamDone\":true,\"zhuanxiangExamDone\":true}","2021/3/3":"o{\"weeklyExamDone\":true,\"zhuanxiangExamDone\":true}","Settings":"o{\"article\":{\"value\":true,\"name\":\"文章学习\"},\"video\":{\"value\":true,\"name\":\"视频学习\"},\"daily\":{\"value\":true,\"name\":\"每日答题\"},\"weekly\":{\"value\":true,\"name\":\"每周答题\"},\"zhuanxiang\":{\"value\":true,\"name\":\"专项答题\"}}","scores":"o{\"totalScore\":\"\",\"login\":{\"dayScore\":1,\"dayMaxScore\":1},\"article\":{\"dayScore\":12,\"dayMaxScore\":12},\"video_num\":{\"dayScore\":6,\"dayMaxScore\":6},\"video_time\":{\"dayScore\":6,\"dayMaxScore\":6},\"daily\":{\"dayScore\":5,\"dayMaxScore\":5},\"weekly\":{\"dayScore\":5,\"dayMaxScore\":5},\"zhuanxiang\":{\"dayScore\":10,\"dayMaxScore\":10}}"},"ts":1618122105118}