{"options":{"awareOfChrome":false,"check_for_updates":true,"comment":null,"compat_arrayleft":false,"compat_foreach":false,"compat_forvarin":false,"compat_metadata":false,"compat_uW_gmonkey":false,"compat_wrappedjsobject":false,"compatopts_for_requires":true,"noframes":null,"override":{"merge_connects":true,"merge_excludes":true,"merge_includes":true,"merge_matches":true,"orig_excludes":[],"orig_includes":[],"orig_matches":["*://*/*"],"orig_noframes":null,"orig_run_at":"document-end","use_blockers":[],"use_connects":[],"use_excludes":[],"use_includes":[],"use_matches":[]},"run_at":null},"settings":{"enabled":true,"position":24},"meta":{"name":"工具合集：搜索引擎结果去重，广告过滤 + 网页网盘链接状态自动判断 + 知乎外链免确认 + QQ音乐付费无损音乐免费下载 + 拒绝二维码登录 + Bilibili 视频默认选择最高清晰度 ++","uuid":"222b3afb-aaaf-4704-8c28-25cc5a411144","modified":1588666868393,"file_url":"https://greasyfork.org/scripts/376961-%E5%B7%A5%E5%85%B7%E5%90%88%E9%9B%86-%E6%90%9C%E7%B4%A2%E5%BC%95%E6%93%8E%E7%BB%93%E6%9E%9C%E5%8E%BB%E9%87%8D-%E5%B9%BF%E5%91%8A%E8%BF%87%E6%BB%A4-%E7%BD%91%E9%A1%B5%E7%BD%91%E7%9B%98%E9%93%BE%E6%8E%A5%E7%8A%B6%E6%80%81%E8%87%AA%E5%8A%A8%E5%88%A4%E6%96%AD-%E7%9F%A5%E4%B9%8E%E5%A4%96%E9%93%BE%E5%85%8D%E7%A1%AE%E8%AE%A4-qq%E9%9F%B3%E4%B9%90%E4%BB%98%E8%B4%B9%E6%97%A0%E6%8D%9F%E9%9F%B3%E4%B9%90%E5%85%8D%E8%B4%B9%E4%B8%8B%E8%BD%BD-%E6%8B%92%E7%BB%9D%E4%BA%8C%E7%BB%B4%E7%A0%81%E7%99%BB%E5%BD%95-bilibili-%E8%A7%86%E9%A2%91%E9%BB%98%E8%AE%A4%E9%80%89%E6%8B%A9%E6%9C%80%E9%AB%98%E6%B8%85%E6%99%B0%E5%BA%A6/code/%E5%B7%A5%E5%85%B7%E5%90%88%E9%9B%86%EF%BC%9A%E6%90%9C%E7%B4%A2%E5%BC%95%E6%93%8E%E7%BB%93%E6%9E%9C%E5%8E%BB%E9%87%8D%EF%BC%8C%E5%B9%BF%E5%91%8A%E8%BF%87%E6%BB%A4%20%20+%20%E7%BD%91%E9%A1%B5%E7%BD%91%E7%9B%98%E9%93%BE%E6%8E%A5%E7%8A%B6%E6%80%81%E8%87%AA%E5%8A%A8%E5%88%A4%E6%96%AD%20+%20%E7%9F%A5%E4%B9%8E%E5%A4%96%E9%93%BE%E5%85%8D%E7%A1%AE%E8%AE%A4%20+%20QQ%E9%9F%B3%E4%B9%90%E4%BB%98%E8%B4%B9%E6%97%A0%E6%8D%9F%E9%9F%B3%E4%B9%90%E5%85%8D%E8%B4%B9%E4%B8%8B%E8%BD%BD%20+%20%E6%8B%92%E7%BB%9D%E4%BA%8C%E7%BB%B4%E7%A0%81%E7%99%BB%E5%BD%95%20+%20Bilibili%20%E8%A7%86%E9%A2%91%E9%BB%98%E8%AE%A4%E9%80%89%E6%8B%A9%E6%9C%80%E9%AB%98%E6%B8%85%E6%99%B0%E5%BA%A6%20++.user.js"}}