{"options":{"awareOfChrome":false,"check_for_updates":true,"comment":null,"compat_arrayleft":false,"compat_foreach":false,"compat_forvarin":false,"compat_metadata":false,"compat_uW_gmonkey":false,"compat_wrappedjsobject":false,"compatopts_for_requires":true,"noframes":null,"override":{"merge_connects":true,"merge_excludes":true,"merge_includes":true,"merge_matches":true,"orig_connects":[],"orig_excludes":[],"orig_includes":[],"orig_matches":["*://kyfw.12306.cn/*","*://login.taobao.com/*","*://passport.jd.com/*","*://*.baidu.com/*","*://*.douban.com/*","*://passport.suning.com/*","*://*.zhihu.com/*","*://*.alipay.com/*","*://account.aliyun.com/*","*://*.qq.com/*","*://*.weiyun.com/*","*://exmail.qq.com/*","*://*.cloud.tencent.com/*","*://*.pay.weixin.qq.com/*","*://*.qcloud.com/*","*://mail.163.com/*","*://mail.126.com/*","*://www.iqiyi.com/*","*://www.acfun.cn/*","*://music.163.com/*","*://*.xiami.com/*","*://*.douyu.com/*","*://*.huya.com/*","*://*.smzdm.com/*","*://login.189.cn/*","*://js.189.cn/*","*://passport.58.com/*","*://passport.csdn.net/*","*://account.dianping.com/*","*://etax.chinatax.gov.cn/*","*://*.115.com/*","*://*.tianya.cn/*","*://*.dnspod.cn/*","*://www.qcc.com/*","*://mms.pinduoduo.com/*","*://*.tyrz.gd.gov.cn/*","*://*.baixing.com/*","*://*.sl56.com/*","*://*.passport.sangon.com/*","*://*.passport.21cnjy.com/*"],"orig_noframes":null,"orig_run_at":"document-end","use_blockers":[],"use_connects":[],"use_excludes":[],"use_includes":[],"use_matches":[]},"run_at":null},"settings":{"enabled":true,"position":25},"meta":{"name":"拒绝二维码登录","uuid":"5bb6bada-af37-44d2-8a0a-ec5a9da76fbd","modified":1615436801619,"file_url":"https://greasyfork.org/scripts/37988-%E6%8B%92%E7%BB%9D%E4%BA%8C%E7%BB%B4%E7%A0%81%E7%99%BB%E5%BD%95/code/%E6%8B%92%E7%BB%9D%E4%BA%8C%E7%BB%B4%E7%A0%81%E7%99%BB%E5%BD%95.user.js"}}