{"options":{"awareOfChrome":false,"check_for_updates":true,"comment":null,"compat_arrayleft":false,"compat_foreach":false,"compat_forvarin":false,"compat_metadata":false,"compat_uW_gmonkey":false,"compat_wrappedjsobject":false,"compatopts_for_requires":true,"noframes":null,"override":{"merge_connects":true,"merge_excludes":true,"merge_includes":true,"merge_matches":true,"orig_excludes":["*://tieba.baidu.com/f?*kw=*"],"orig_includes":[],"orig_matches":["*://tieba.baidu.com/p/*","*://tieba.baidu.com/f?*"],"orig_noframes":null,"orig_run_at":"document-idle","use_blockers":[],"use_connects":[],"use_excludes":[],"use_includes":[],"use_matches":[]},"run_at":null},"settings":{"enabled":true,"position":38},"meta":{"name":"百度贴吧图片点击放大","uuid":"d8a32b9d-185d-407c-94fa-25a2db2043c1","modified":1590473531271}}