{"options":{"awareOfChrome":false,"check_for_updates":true,"comment":null,"compat_arrayleft":false,"compat_foreach":false,"compat_forvarin":false,"compat_metadata":false,"compat_uW_gmonkey":false,"compat_wrappedjsobject":false,"compatopts_for_requires":true,"noframes":null,"override":{"merge_connects":true,"merge_excludes":true,"merge_includes":true,"merge_matches":true,"orig_connects":[],"orig_excludes":[],"orig_includes":[],"orig_matches":["*://pan.baidu.com/play/video"],"orig_noframes":null,"orig_run_at":"document-idle","use_blockers":[],"use_connects":[],"use_excludes":[],"use_includes":[],"use_matches":[]},"run_at":null},"settings":{"enabled":true,"position":51},"meta":{"name":"百度网盘自定义倍速播放","uuid":"befe7462-293b-4507-bd48-d7956f8d7e63","modified":1615956419033,"file_url":"https://greasyfork.org/scripts/420439-%E7%99%BE%E5%BA%A6%E7%BD%91%E7%9B%98%E8%87%AA%E5%AE%9A%E4%B9%89%E5%80%8D%E9%80%9F%E6%92%AD%E6%94%BE/code/%E7%99%BE%E5%BA%A6%E7%BD%91%E7%9B%98%E8%87%AA%E5%AE%9A%E4%B9%89%E5%80%8D%E9%80%9F%E6%92%AD%E6%94%BE.user.js"}}