{"options":{"awareOfChrome":false,"check_for_updates":true,"comment":null,"compat_arrayleft":false,"compat_foreach":false,"compat_forvarin":false,"compat_metadata":false,"compat_uW_gmonkey":false,"compat_wrappedjsobject":false,"compatopts_for_requires":true,"noframes":null,"override":{"merge_connects":true,"merge_excludes":true,"merge_includes":true,"merge_matches":true,"orig_connects":["baidu.com","baidupcs.com","baiduyun.wiki","localhost","*"],"orig_excludes":[],"orig_includes":[],"orig_matches":["*://pan.baidu.com/*","*://yun.baidu.com/*"],"orig_noframes":null,"orig_run_at":"document-idle","use_blockers":[],"use_connects":[],"use_excludes":[],"use_includes":[],"use_matches":[]},"run_at":null},"settings":{"enabled":true,"position":47},"meta":{"name":"百度网盘直链满速下载助手（全新版本）","uuid":"e04592f2-9895-486f-b23a-7aafc9f9bd6e","modified":1617166545567,"file_url":"https://greasyfork.org/scripts/416611-%E7%99%BE%E5%BA%A6%E7%BD%91%E7%9B%98%E7%9B%B4%E9%93%BE%E6%BB%A1%E9%80%9F%E4%B8%8B%E8%BD%BD%E5%8A%A9%E6%89%8B-%E5%85%A8%E6%96%B0%E7%89%88%E6%9C%AC/code/%E7%99%BE%E5%BA%A6%E7%BD%91%E7%9B%98%E7%9B%B4%E9%93%BE%E6%BB%A1%E9%80%9F%E4%B8%8B%E8%BD%BD%E5%8A%A9%E6%89%8B%EF%BC%88%E5%85%A8%E6%96%B0%E7%89%88%E6%9C%AC%EF%BC%89.user.js"}}