{"options":{"awareOfChrome":false,"check_for_updates":true,"comment":null,"compat_arrayleft":false,"compat_foreach":false,"compat_forvarin":false,"compat_metadata":false,"compat_uW_gmonkey":false,"compat_wrappedjsobject":false,"compatopts_for_requires":true,"noframes":null,"override":{"merge_connects":true,"merge_excludes":true,"merge_includes":true,"merge_matches":true,"orig_excludes":[],"orig_includes":[],"orig_matches":["https://baike.baidu.com/pic/*","http://baike.baidu.com/pic/*","https://baike.baidu.com/picture/*","http://baike.baidu.com/picture/*","https://baike.baidu.com/historypic/*","http://baike.baidu.com/historypic/*","https://baike.baidu.com/picview/history/*","http://baike.baidu.com/picview/history/*","https://bkimg.cdn.bcebos.com/pic/*"],"orig_noframes":null,"orig_run_at":"document-end","use_blockers":[],"use_connects":[],"use_excludes":[],"use_includes":[],"use_matches":[]},"run_at":null},"settings":{"enabled":true,"position":37},"meta":{"name":"百度百科 - 将图片改为无水印版本","uuid":"0ae9fa37-a6a7-46b5-9a20-0b508b1d00f0","modified":1590473531262}}