{"options":{"awareOfChrome":false,"check_for_updates":true,"comment":null,"compat_arrayleft":false,"compat_foreach":false,"compat_forvarin":false,"compat_metadata":false,"compat_uW_gmonkey":false,"compat_wrappedjsobject":true,"compatopts_for_requires":true,"noframes":null,"override":{"merge_connects":true,"merge_excludes":true,"merge_includes":true,"merge_matches":true,"orig_excludes":[],"orig_includes":["*://wenku.baidu.com/*","*://a.1000wk.com/*","*://www.wocali.com/tampermonkey/doc/*","*://pan.baidu.com/s/*","*://yun.baidu.com/s/*","*://*.docin.com/p*","*://pan.baidu.com/share/init*","*://yun.baidu.com/share/init*","*://www.bilibili.com/read/*","*://b.faloo.com/*","*://bbs.coocaa.com/*","*://book.hjsm.tom.com/*","*://book.zhulang.com/*","*://book.zongheng.com/*","*://book.hjsm.tom.com/*","*://chokstick.com/*","*://chuangshi.qq.com/*","*://yunqi.qq.com/*","*://city.udn.com/*","*://cutelisa55.pixnet.net/*","*://huayu.baidu.com/*","*://tiyu.baidu.com/*","*://yd.baidu.com/*","*://yuedu.baidu.com/*","*://imac.hk/*","*://life.tw/*","*://luxmuscles.com/*","*://read.qidian.com/*","*://www.15yan.com/*","*://www.17k.com/*","*://www.18183.com/*","*://www.360doc.com/*","*://www.eyu.com/*","*://www.hongshu.com/*","*://www.coco01.com/*","*://news.missevan.com/*","*://www.hongxiu.com/*","*://www.imooc.com/*","*://www.readnovel.com/*","*://www.tadu.com/*","*://www.jjwxc.net/*","*://www.xxsy.net/*","*://www.z3z4.com/*","*://yuedu.163.com/*","*://wenku.baiduvvv.com/d/?url=*"],"orig_matches":[],"orig_noframes":null,"orig_run_at":"document-idle","use_blockers":[],"use_connects":[],"use_excludes":[],"use_includes":[],"use_matches":[]},"run_at":null},"settings":{"enabled":true,"position":31},"meta":{"name":"百度文库原文档免费下载，文档内容自由复制，移除广告；豆丁网文档下载；解除大部分网站操作限制；]","uuid":"88dab05b-e6f2-4d25-94a6-0497bee3ab10","modified":1590473531192}}