{"options":{"awareOfChrome":false,"check_for_updates":true,"comment":null,"compat_arrayleft":false,"compat_foreach":false,"compat_forvarin":false,"compat_metadata":false,"compat_uW_gmonkey":false,"compat_wrappedjsobject":false,"compatopts_for_requires":true,"noframes":null,"override":{"merge_connects":true,"merge_excludes":true,"merge_includes":true,"merge_matches":true,"orig_excludes":[],"orig_includes":["*://wenku.baidu.com/view/*"],"orig_matches":[],"orig_noframes":null,"orig_run_at":"document-idle","use_blockers":[],"use_connects":[],"use_excludes":[],"use_includes":[],"use_matches":[]},"run_at":null},"settings":{"enabled":true,"position":21},"meta":{"name":"百度文库原文件下载！","uuid":"17148cb4-629f-4171-934a-968f373f93a3","modified":1602594459507,"file_url":"https://greasyfork.org/scripts/398094-%E7%99%BE%E5%BA%A6%E6%96%87%E5%BA%93%E5%8E%9F%E6%96%87%E4%BB%B6%E4%B8%8B%E8%BD%BD/code/%E7%99%BE%E5%BA%A6%E6%96%87%E5%BA%93%E5%8E%9F%E6%96%87%E4%BB%B6%E4%B8%8B%E8%BD%BD%EF%BC%81.user.js"}}