{"options":{"awareOfChrome":false,"check_for_updates":true,"comment":null,"compat_arrayleft":false,"compat_foreach":false,"compat_forvarin":false,"compat_metadata":false,"compat_uW_gmonkey":false,"compat_wrappedjsobject":false,"compatopts_for_requires":true,"noframes":null,"override":{"merge_connects":true,"merge_excludes":true,"merge_includes":true,"merge_matches":true,"orig_excludes":[],"orig_includes":["*://wenku.baidu.com/view/*"],"orig_matches":[],"orig_noframes":null,"orig_run_at":"document-idle","use_blockers":[],"use_connects":[],"use_excludes":[],"use_includes":[],"use_matches":[]},"run_at":null},"settings":{"enabled":true,"position":18},"meta":{"name":"百度文库资料免费下载助手","uuid":"b8af36ed-1336-499f-8113-bc52f2413dae","modified":1588556023114,"file_url":"https://greasyfork.org/scripts/390817-%E7%99%BE%E5%BA%A6%E6%96%87%E5%BA%93%E8%B5%84%E6%96%99%E5%85%8D%E8%B4%B9%E4%B8%8B%E8%BD%BD%E5%8A%A9%E6%89%8B/code/%E7%99%BE%E5%BA%A6%E6%96%87%E5%BA%93%E8%B5%84%E6%96%99%E5%85%8D%E8%B4%B9%E4%B8%8B%E8%BD%BD%E5%8A%A9%E6%89%8B.user.js"}}