{"options":{"awareOfChrome":false,"check_for_updates":true,"comment":null,"compat_arrayleft":false,"compat_foreach":false,"compat_forvarin":false,"compat_metadata":false,"compat_uW_gmonkey":false,"compat_wrappedjsobject":false,"compatopts_for_requires":true,"noframes":null,"override":{"merge_connects":true,"merge_excludes":true,"merge_includes":true,"merge_matches":true,"orig_connects":[],"orig_excludes":[],"orig_includes":[],"orig_matches":["*://www.zhihu.com/*","*://zhuanlan.zhihu.com/*"],"orig_noframes":null,"orig_run_at":"document-end","use_blockers":[],"use_connects":[],"use_excludes":[],"use_includes":[],"use_matches":[]},"run_at":null},"settings":{"enabled":true,"position":53},"meta":{"name":"知乎增强","uuid":"c78de207-25a7-433b-b079-2dccfce969f7","modified":1617274019924,"file_url":"https://greasyfork.org/scripts/419081-%E7%9F%A5%E4%B9%8E%E5%A2%9E%E5%BC%BA/code/%E7%9F%A5%E4%B9%8E%E5%A2%9E%E5%BC%BA.user.js"}}