{"options":{"awareOfChrome":false,"check_for_updates":true,"comment":null,"compat_arrayleft":false,"compat_foreach":false,"compat_forvarin":false,"compat_metadata":false,"compat_uW_gmonkey":false,"compat_wrappedjsobject":false,"compatopts_for_requires":true,"noframes":null,"override":{"merge_connects":true,"merge_excludes":true,"merge_includes":true,"merge_matches":true,"orig_connects":["zhihu.com","vzuu.com"],"orig_excludes":[],"orig_includes":[],"orig_matches":["*://*.zhihu.com/*","https://v.vzuu.com/video/*"],"orig_noframes":null,"orig_run_at":"document-end","use_blockers":[],"use_connects":[],"use_excludes":[],"use_includes":[],"use_matches":[]},"run_at":null},"settings":{"enabled":true,"position":52},"meta":{"name":"知乎美化","uuid":"cfa612d7-ceae-49c7-8923-8f9c7c1d7f8a","modified":1618216760608,"file_url":"https://greasyfork.org/scripts/402808-%E7%9F%A5%E4%B9%8E%E7%BE%8E%E5%8C%96/code/%E7%9F%A5%E4%B9%8E%E7%BE%8E%E5%8C%96.user.js"}}