{"data":{"$config":"o{\"uid\":\"1qiwhc0wuz4xp88kaak5t2839yd64s8b\",\"option\":{\"baidu_page_home\":\"yes\",\"baidu_page_share\":\"yes\",\"baidu_page_verify\":\"yes\",\"baidu_share_status\":\"yes\",\"baidu_custom_password\":\"yes\",\"baidu_show_origin\":\"yes\",\"baidu_auto_jump\":\"no\",\"weiyun_page_home\":\"yes\",\"weiyun_page_share\":\"yes\",\"weiyun_page_verify\":\"yes\",\"weiyun_share_status\":\"yes\",\"weiyun_auto_jump\":\"no\",\"lanzous_page_verify\":\"yes\",\"lanzous_share_status\":\"no\",\"lanzous_auto_jump\":\"no\",\"189_page_home\":\"yes\",\"189_page_share\":\"yes\",\"189_page_verify\":\"yes\",\"189_share_status\":\"no\",\"189_auto_jump\":\"no\"},\"share_pwd\":\"1234\",\"share_log_list\":{\"lanzous#b0k1bw0j\":{\"share_id\":\"b0k1bw0j\",\"share_pwd\":\"0\",\"share_link\":\"https://www.lanzous.com/b0k1bw0j\",\"share_source\":\"lanzous\",\"share_time\":1616570387560},\"lanzous#b244238\":{\"share_id\":\"b244238\",\"share_pwd\":\"0\",\"share_link\":\"https://www.lanzous.com/b244238\",\"share_source\":\"lanzous\",\"share_time\":1616569619393},\"lanzous#b04se8lmd\":{\"share_id\":\"b04se8lmd\",\"share_pwd\":\"0\",\"share_link\":\"https://www.lanzous.com/b04se8lmd\",\"share_source\":\"lanzous\",\"share_time\":1590294567873},\"baidu#yYh-y8g1kggWz9QSfvRJGQ\":{\"share_id\":\"yYh-y8g1kggWz9QSfvRJGQ\",\"share_pwd\":\"z003\",\"share_link\":\"https://pan.baidu.com/share/init?surl=yYh-y8g1kggWz9QSfvRJGQ\",\"share_source\":\"baidu\",\"share_time\":1591171816384},\"baidu#_AaPfLEHgcJqlGpG_aQwNQ\":{\"share_id\":\"_AaPfLEHgcJqlGpG_aQwNQ\",\"share_pwd\":\"f2vt\",\"share_link\":\"https://pan.baidu.com/share/init?surl=_AaPfLEHgcJqlGpG_aQwNQ\",\"share_source\":\"baidu\",\"share_time\":1603002568969},\"baidu#BfD6Q0BKTF230hCBtr1A-A\":{\"share_id\":\"BfD6Q0BKTF230hCBtr1A-A\",\"share_pwd\":\"jr9u\",\"share_link\":\"https://pan.baidu.com/share/init?surl=BfD6Q0BKTF230hCBtr1A-A\",\"share_source\":\"baidu\",\"share_time\":1603023328854},\"lanzous#b04sqydab\":{\"share_id\":\"b04sqydab\",\"share_pwd\":\"0\",\"share_link\":\"https://www.lanzous.com/b04sqydab\",\"share_source\":\"lanzous\",\"share_time\":1604112636054},\"lanzous#b04sp2ewb\":{\"share_id\":\"b04sp2ewb\",\"share_pwd\":\"0\",\"share_link\":\"https://www.lanzous.com/b04sp2ewb\",\"share_source\":\"lanzous\",\"share_time\":1604112641612},\"lanzous#b04sj2l6b\":{\"share_id\":\"b04sj2l6b\",\"share_pwd\":\"0\",\"share_link\":\"https://www.lanzous.com/b04sj2l6b\",\"share_source\":\"lanzous\",\"share_time\":1604113731228},\"lanzous#b04srfzrc\":{\"share_id\":\"b04srfzrc\",\"share_pwd\":\"0\",\"share_link\":\"https://www.lanzous.com/b04srfzrc\",\"share_source\":\"lanzous\",\"share_time\":1604113723420},\"lanzous#b04srooad\":{\"share_id\":\"b04srooad\",\"share_pwd\":\"0\",\"share_link\":\"https://www.lanzous.com/b04srooad\",\"share_source\":\"lanzous\",\"share_time\":1604113726757},\"lanzous#b04sru27e\":{\"share_id\":\"b04sru27e\",\"share_pwd\":\"0\",\"share_link\":\"https://www.lanzous.com/b04sru27e\",\"share_source\":\"lanzous\",\"share_time\":1604113729713},\"lanzous#b04ska3vc\":{\"share_id\":\"b04ska3vc\",\"share_pwd\":\"0\",\"share_link\":\"https://www.lanzous.com/b04ska3vc\",\"share_source\":\"lanzous\",\"share_time\":1604114444524},\"lanzous#b04sqwogb\":{\"share_id\":\"b04sqwogb\",\"share_pwd\":\"0\",\"share_link\":\"https://www.lanzous.com/b04sqwogb\",\"share_source\":\"lanzous\",\"share_time\":1604114448466},\"baidu#VE9km70WUjcwwATRuYGy_w\":{\"share_id\":\"VE9km70WUjcwwATRuYGy_w\",\"share_pwd\":\"2otg\",\"share_link\":\"https://pan.baidu.com/share/init?surl=VE9km70WUjcwwATRuYGy_w\",\"share_source\":\"baidu\",\"share_time\":1605275400244},\"baidu#p7328cGgoLyxaPTBiZVLsg\":{\"share_id\":\"p7328cGgoLyxaPTBiZVLsg\",\"share_pwd\":\"udrc\",\"share_link\":\"https://pan.baidu.com/share/init?surl=p7328cGgoLyxaPTBiZVLsg\",\"share_source\":\"baidu\",\"share_time\":1605275706134},\"baidu#3MTakv7g4V87EEZS64kkCw\":{\"share_id\":\"3MTakv7g4V87EEZS64kkCw\",\"share_pwd\":\"y1pd\",\"share_link\":\"https://pan.baidu.com/share/init?surl=3MTakv7g4V87EEZS64kkCw\",\"share_source\":\"baidu\",\"share_time\":1605275754446},\"baidu#dF88uDyVYvpWMIgSar-a3A\":{\"share_id\":\"dF88uDyVYvpWMIgSar-a3A\",\"share_pwd\":\"52pj\",\"share_link\":\"https://pan.baidu.com/share/init?surl=dF88uDyVYvpWMIgSar-a3A\",\"share_source\":\"baidu\",\"share_time\":1605276004617},\"baidu#3lxfI0iW-tr65TAqga4k4w\":{\"share_id\":\"3lxfI0iW-tr65TAqga4k4w\",\"share_pwd\":\"1234\",\"share_link\":\"https://pan.baidu.com/share/init?surl=3lxfI0iW-tr65TAqga4k4w\",\"share_source\":\"baidu\",\"share_time\":1605276049257},\"baidu#YvWrKaCETzPVEvSytUZGYw\":{\"share_id\":\"YvWrKaCETzPVEvSytUZGYw\",\"share_pwd\":\"70u4\",\"share_link\":\"https://pan.baidu.com/share/init?surl=YvWrKaCETzPVEvSytUZGYw\",\"share_source\":\"baidu\",\"share_time\":1605276172824},\"baidu#R3ZMppB2p7FttWTf_DcKdw\":{\"share_id\":\"R3ZMppB2p7FttWTf_DcKdw\",\"share_pwd\":\"yi1l\",\"share_link\":\"https://pan.baidu.com/share/init?surl=R3ZMppB2p7FttWTf_DcKdw\",\"share_source\":\"baidu\",\"share_time\":1605276252519},\"lanzous#i6xtjli\":{\"share_id\":\"i6xtjli\",\"share_pwd\":\"cd9v\",\"share_link\":\"https://www.lanzous.com/i6xtjli\",\"share_source\":\"lanzous\",\"share_time\":1605619124473},\"baidu#1D_XwqWcaCxSUDs7CTX4fQ\":{\"share_id\":\"1D_XwqWcaCxSUDs7CTX4fQ\",\"share_pwd\":\"6572\",\"share_link\":\"https://pan.baidu.com/share/init?surl=1D_XwqWcaCxSUDs7CTX4fQ\",\"share_source\":\"baidu\",\"share_time\":1605753345329},\"lanzous#i9GbWilp4xg\":{\"share_id\":\"i9GbWilp4xg\",\"share_pwd\":\"9r8j\",\"share_link\":\"https://mak999.lanzoux.com/i9GbWilp4xg\",\"share_source\":\"lanzous\",\"share_time\":1606218141222},\"baidu#Wvehm63gOTl7QBQ0x5femQ\":{\"share_id\":\"Wvehm63gOTl7QBQ0x5femQ\",\"share_pwd\":\"bv4g\",\"share_link\":\"https://pan.baidu.com/share/init?surl=Wvehm63gOTl7QBQ0x5femQ\",\"share_source\":\"baidu\",\"share_time\":1606474694714},\"baidu#-D_k0oyzhB-l3X1ZRpUKsw\":{\"share_id\":\"-D_k0oyzhB-l3X1ZRpUKsw\",\"share_pwd\":\"fc19\",\"share_link\":\"https://pan.baidu.com/share/init?surl=-D_k0oyzhB-l3X1ZRpUKsw\",\"share_source\":\"baidu\",\"share_time\":1606615487074},\"lanzous#b01trfnde\":{\"share_id\":\"b01trfnde\",\"share_pwd\":\"52pj\",\"share_link\":\"https://wws.lanzous.com/b01trfnde\",\"share_source\":\"lanzous\",\"share_time\":1607248983232},\"ty189#EBruAbeANfiu\":{\"share_id\":\"EBruAbeANfiu\",\"share_pwd\":\"cj3k\",\"share_link\":\"https://cloud.189.cn/t/EBruAbeANfiu\",\"share_source\":\"ty189\",\"share_time\":1607674686824},\"baidu#0YZqrR2XbeS6l6Lik22O0A\":{\"share_id\":\"0YZqrR2XbeS6l6Lik22O0A\",\"share_pwd\":\"e49j\",\"share_link\":\"https://pan.baidu.com/share/init?surl=0YZqrR2XbeS6l6Lik22O0A\",\"share_source\":\"baidu\",\"share_time\":1610353582500},\"baidu#aG2JKKoOQzjkZBFVvB4qMw\":{\"share_id\":\"aG2JKKoOQzjkZBFVvB4qMw\",\"share_pwd\":\"8888\",\"share_link\":\"https://pan.baidu.com/share/init?surl=aG2JKKoOQzjkZBFVvB4qMw\",\"share_source\":\"baidu\",\"share_time\":1610354019968},\"baidu#f6yNUa-s4I6p73Fw0EEuIg\":{\"share_id\":\"f6yNUa-s4I6p73Fw0EEuIg\",\"share_pwd\":\"m6o6\",\"share_link\":\"https://pan.baidu.com/share/init?surl=f6yNUa-s4I6p73Fw0EEuIg\",\"share_source\":\"baidu\",\"share_time\":1611060561914},\"baidu#rEm7PxDLtvgN_ZIoWJdiMA\":{\"share_id\":\"rEm7PxDLtvgN_ZIoWJdiMA\",\"share_pwd\":\"2vub\",\"share_link\":\"https://pan.baidu.com/share/init?surl=rEm7PxDLtvgN_ZIoWJdiMA\",\"share_source\":\"baidu\",\"share_time\":1610979881622},\"baidu#La67K8LT1rimcpHYGmmWmA\":{\"share_id\":\"La67K8LT1rimcpHYGmmWmA\",\"share_pwd\":\"evga\",\"share_link\":\"https://pan.baidu.com/share/init?surl=La67K8LT1rimcpHYGmmWmA\",\"share_source\":\"baidu\",\"share_time\":1611023926404},\"baidu#qQxO60rG9aVatkkC7CTJmA\":{\"share_id\":\"qQxO60rG9aVatkkC7CTJmA\",\"share_pwd\":\"tpur\",\"share_link\":\"https://pan.baidu.com/share/init?surl=qQxO60rG9aVatkkC7CTJmA\",\"share_source\":\"baidu\",\"share_time\":1611060035059},\"baidu#c167UDi\":{\"share_id\":\"c167UDi\",\"share_pwd\":\"guq3\",\"share_link\":\"https://pan.baidu.com/share/init?surl=c167UDi\",\"share_source\":\"baidu\",\"share_time\":1611060292959},\"baidu#QQImMUmRO8QjswESABDeFQ\":{\"share_id\":\"QQImMUmRO8QjswESABDeFQ\",\"share_pwd\":\"i06e\",\"share_link\":\"https://pan.baidu.com/share/init?surl=QQImMUmRO8QjswESABDeFQ\",\"share_source\":\"baidu\",\"share_time\":1611060533451},\"baidu#rDdidzAjO9QDRCwJpae5Pg\":{\"share_id\":\"rDdidzAjO9QDRCwJpae5Pg\",\"share_pwd\":\"i46p\",\"share_link\":\"https://pan.baidu.com/share/init?surl=rDdidzAjO9QDRCwJpae5Pg\",\"share_source\":\"baidu\",\"share_time\":1611060635094},\"baidu#05Fp3rOdZlKJPJyhogl47w\":{\"share_id\":\"05Fp3rOdZlKJPJyhogl47w\",\"share_pwd\":\"98u7\",\"share_link\":\"https://pan.baidu.com/share/init?surl=05Fp3rOdZlKJPJyhogl47w\",\"share_source\":\"baidu\",\"share_time\":1611110519639},\"lanzous#b01hzrzbc\":{\"share_id\":\"b01hzrzbc\",\"share_pwd\":\"2220\",\"share_link\":\"https://wws.lanzous.com/b01hzrzbc\",\"share_source\":\"lanzous\",\"share_time\":1611217688984},\"lanzous#iOP2Zl5woeb\":{\"share_id\":\"iOP2Zl5woeb\",\"share_pwd\":\"52PJ\",\"share_link\":\"https://syx0226.lanzous.com/iOP2Zl5woeb\",\"share_source\":\"lanzous\",\"share_time\":1612256104746},\"baidu#14Hcf52JN6ovhF3TLPQFog\":{\"share_id\":\"14Hcf52JN6ovhF3TLPQFog\",\"share_pwd\":\"1111\",\"share_link\":\"https://pan.baidu.com/share/init?surl=14Hcf52JN6ovhF3TLPQFog\",\"share_source\":\"baidu\",\"share_time\":1612708339584},\"baidu#SWkazK9st2v9Zlco0LVcZA\":{\"share_id\":\"SWkazK9st2v9Zlco0LVcZA\",\"share_pwd\":\"arx9\",\"share_link\":\"https://pan.baidu.com/share/init?surl=SWkazK9st2v9Zlco0LVcZA\",\"share_source\":\"baidu\",\"share_time\":1612878667347},\"baidu#k45WHjK1a_aZTZ9qzZqL9Q\":{\"share_id\":\"k45WHjK1a_aZTZ9qzZqL9Q\",\"share_pwd\":\"52pj\",\"share_link\":\"https://pan.baidu.com/share/init?surl=k45WHjK1a_aZTZ9qzZqL9Q\",\"share_source\":\"baidu\",\"share_time\":1613109894979},\"baidu#kK0_96vvNdy4Zc4yq0KCNQ\":{\"share_id\":\"kK0_96vvNdy4Zc4yq0KCNQ\",\"share_pwd\":\"u3m7\",\"share_link\":\"https://pan.baidu.com/share/init?surl=kK0_96vvNdy4Zc4yq0KCNQ\",\"share_source\":\"baidu\",\"share_time\":1613636656951},\"baidu#qB-6-AblptXl1jf84swuQg\":{\"share_id\":\"qB-6-AblptXl1jf84swuQg\",\"share_pwd\":\"ibvp\",\"share_link\":\"https://pan.baidu.com/share/init?surl=qB-6-AblptXl1jf84swuQg\",\"share_source\":\"baidu\",\"share_time\":1613636860524},\"baidu#ZW2k72W_tL0UiSW83y56EA\":{\"share_id\":\"ZW2k72W_tL0UiSW83y56EA\",\"share_pwd\":\"9on8\",\"share_link\":\"https://pan.baidu.com/share/init?surl=ZW2k72W_tL0UiSW83y56EA\",\"share_source\":\"baidu\",\"share_time\":1613637171809},\"baidu#bFtSWXLGOknw2yFacjxEAA\":{\"share_id\":\"bFtSWXLGOknw2yFacjxEAA\",\"share_pwd\":\"2r2v\",\"share_link\":\"https://pan.baidu.com/share/init?surl=bFtSWXLGOknw2yFacjxEAA\",\"share_source\":\"baidu\",\"share_time\":1614056119640},\"lanzous#iZctqmb73ve\":{\"share_id\":\"iZctqmb73ve\",\"share_pwd\":\"aytb\",\"share_link\":\"https://wws.lanzous.com/iZctqmb73ve\",\"share_source\":\"lanzous\",\"share_time\":1614684045961},\"lanzous#iroGgmd0vij\":{\"share_id\":\"iroGgmd0vij\",\"share_pwd\":\"52pj\",\"share_link\":\"https://wwi.lanzous.com/iroGgmd0vij\",\"share_source\":\"lanzous\",\"share_time\":1614998359814},\"baidu#E7rbyLmmXnQSJwCxiih5nA\":{\"share_id\":\"E7rbyLmmXnQSJwCxiih5nA\",\"share_pwd\":\"ua5l\",\"share_link\":\"https://pan.baidu.com/share/init?surl=E7rbyLmmXnQSJwCxiih5nA\",\"share_source\":\"baidu\",\"share_time\":1615085151583},\"lanzous#in8KKm8e4ud\":{\"share_id\":\"in8KKm8e4ud\",\"share_pwd\":\"egfy\",\"share_link\":\"https://wws.lanzous.com/in8KKm8e4ud\",\"share_source\":\"lanzous\",\"share_time\":1615257089946},\"lanzous#ixptHmwul0f\":{\"share_id\":\"ixptHmwul0f\",\"share_pwd\":\"52pj\",\"share_link\":\"https://wwe.lanzous.com/ixptHmwul0f\",\"share_source\":\"lanzous\",\"share_time\":1615694961188},\"baidu#cKhZi3L5VGkoOrFat3WFcg\":{\"share_id\":\"cKhZi3L5VGkoOrFat3WFcg\",\"share_pwd\":\"3wt2\",\"share_link\":\"https://pan.baidu.com/share/init?surl=cKhZi3L5VGkoOrFat3WFcg\",\"share_source\":\"baidu\",\"share_time\":1615965911585},\"baidu#G2BLaP0b3xxJVp4UjPBF1A\":{\"share_id\":\"G2BLaP0b3xxJVp4UjPBF1A\",\"share_pwd\":\"gb08\",\"share_link\":\"https://pan.baidu.com/share/init?surl=G2BLaP0b3xxJVp4UjPBF1A\",\"share_source\":\"baidu\",\"share_time\":1615966029233},\"baidu#qqxmmvg-JJQF0obDHahV9Q\":{\"share_id\":\"qqxmmvg-JJQF0obDHahV9Q\",\"share_pwd\":\"cpl2\",\"share_link\":\"https://pan.baidu.com/share/init?surl=qqxmmvg-JJQF0obDHahV9Q\",\"share_source\":\"baidu\",\"share_time\":1615965981306},\"baidu#VWzXwsGIWEc6Qoa9ZVHYEw\":{\"share_id\":\"VWzXwsGIWEc6Qoa9ZVHYEw\",\"share_pwd\":\"3dpt\",\"share_link\":\"https://pan.baidu.com/share/init?surl=VWzXwsGIWEc6Qoa9ZVHYEw\",\"share_source\":\"baidu\",\"share_time\":1615966062441},\"baidu#FrqoNOAZ7n-LrJZ-U3D-OA\":{\"share_id\":\"FrqoNOAZ7n-LrJZ-U3D-OA\",\"share_pwd\":\"rva6\",\"share_link\":\"https://pan.baidu.com/share/init?surl=FrqoNOAZ7n-LrJZ-U3D-OA\",\"share_source\":\"baidu\",\"share_time\":1616057779620},\"lanzous#i8cRBn239ob\":{\"share_id\":\"i8cRBn239ob\",\"share_pwd\":\"4dse\",\"share_link\":\"https://wws.lanzous.com/i8cRBn239ob\",\"share_source\":\"lanzous\",\"share_time\":1616162944252},\"lanzous#b911164\":{\"share_id\":\"b911164\",\"share_pwd\":\"0\",\"share_link\":\"https://www.lanzous.com/b911164\",\"share_source\":\"lanzous\",\"share_time\":1616569006780},\"lanzous#b807144\":{\"share_id\":\"b807144\",\"share_pwd\":\"0\",\"share_link\":\"https://www.lanzous.com/b807144\",\"share_source\":\"lanzous\",\"share_time\":1616569664293},\"lanzous#b0f1t9l0b\":{\"share_id\":\"b0f1t9l0b\",\"share_pwd\":\"0\",\"share_link\":\"https://pan.lanzous.com/b0f1t9l0b\",\"share_source\":\"lanzous\",\"share_time\":1616585343385},\"lanzous#ikLVinadmkd\":{\"share_id\":\"ikLVinadmkd\",\"share_pwd\":\"zdgz\",\"share_link\":\"https://dustinwinvip.lanzous.com/ikLVinadmkd\",\"share_source\":\"lanzous\",\"share_time\":1616648506428},\"baidu#1nh6ZGdN9e3dZ-3RBevwlw\":{\"share_id\":\"1nh6ZGdN9e3dZ-3RBevwlw\",\"share_pwd\":\"nv18\",\"share_link\":\"https://pan.baidu.com/share/init?surl=1nh6ZGdN9e3dZ-3RBevwlw\",\"share_source\":\"baidu\",\"share_time\":1616742526809},\"baidu#cJ4lh8\":{\"share_id\":\"cJ4lh8\",\"share_pwd\":\"omum\",\"share_link\":\"https://pan.baidu.com/share/init?surl=cJ4lh8\",\"share_source\":\"baidu\",\"share_time\":1616768113930},\"baidu#n3XyoonvwiTI9wlzrnb0eQ\":{\"share_id\":\"n3XyoonvwiTI9wlzrnb0eQ\",\"share_pwd\":\"1rfu\",\"share_link\":\"https://pan.baidu.com/share/init?surl=n3XyoonvwiTI9wlzrnb0eQ\",\"share_source\":\"baidu\",\"share_time\":1616932390602},\"baidu#9FjJiqz3DI_dEFCV4rL-yQ\":{\"share_id\":\"9FjJiqz3DI_dEFCV4rL-yQ\",\"share_pwd\":\"f1wd\",\"share_link\":\"https://pan.baidu.com/share/init?surl=9FjJiqz3DI_dEFCV4rL-yQ\",\"share_source\":\"baidu\",\"share_time\":1617188216840},\"lanzous#b02603are\":{\"share_id\":\"b02603are\",\"share_pwd\":\"a7m2\",\"share_link\":\"https://wws.lanzous.com/b02603are\",\"share_source\":\"lanzous\",\"share_time\":1618024497663}}}","$storage":"o{\"version_date\":\"20210410\",\"version_payload\":{\"version\":\"0.4.7\"},\"version_latest\":\"0.4.7\"}","config_json":"s{\"wpzs_version_date\":\"20200520\",\"wpzs_version_latest\":\"0.2.2\",\"wpzs_wpzs_share_list\":{\"dSM-eaIabe3wbRlvXS4Vkg\":{\"share_id\":\"dSM-eaIabe3wbRlvXS4Vkg\",\"share_pwd\":\"pad3\",\"share_link\":\"https://pan.baidu.com/share/init?surl=dSM-eaIabe3wbRlvXS4Vkg\",\"share_source\":\"baidu\",\"share_time\":1588547316407},\"b0k1bw0j\":{\"share_id\":\"b0k1bw0j\",\"share_pwd\":\"0\",\"share_link\":\"https://www.lanzous.com/b0k1bw0j\",\"share_source\":\"lanzous\",\"share_time\":1588584050849},\"b244238\":{\"share_id\":\"b244238\",\"share_pwd\":\"0\",\"share_link\":\"https://www.lanzous.com/b244238\",\"share_source\":\"lanzous\",\"share_time\":1588584209342},\"b00n7h03g\":{\"share_id\":\"b00n7h03g\",\"share_pwd\":\"0\",\"share_link\":\"https://nizaina.lanzous.com/b00n7h03g\",\"share_source\":\"lanzous\",\"share_time\":1589891237589},\"b00n7nu4d\":{\"share_id\":\"b00n7nu4d\",\"share_pwd\":\"0\",\"share_link\":\"https://nizaina.lanzous.com/b00n7nu4d\",\"share_source\":\"lanzous\",\"share_time\":1589891467142}},\"wpzs_share_pwd\":\"1234\",\"wpzs_app_id\":\"778750\",\"wpzs_option\":{\"send_usage\":\"yes\",\"baidu_page_home\":\"yes\",\"baidu_page_share\":\"yes\",\"baidu_page_verify\":\"yes\",\"baidu_share_status\":\"no\",\"baidu_custom_password\":\"no\",\"baidu_show_origin\":\"yes\",\"baidu_multi_link\":\"no\",\"baidu_auto_jump\":\"no\",\"weiyun_page_verify\":\"yes\",\"weiyun_share_status\":\"yes\",\"weiyun_auto_jump\":\"no\",\"lanzous_page_verify\":\"yes\",\"lanzous_share_status\":\"yes\",\"lanzous_auto_jump\":\"no\"}}","uid":"sc7q2xyfjriikzi6g06uryc91xdnk3v33"},"ts":1618024497663}