{"options":{"awareOfChrome":false,"check_for_updates":true,"comment":null,"compat_arrayleft":false,"compat_foreach":false,"compat_forvarin":false,"compat_metadata":false,"compat_uW_gmonkey":false,"compat_wrappedjsobject":false,"compatopts_for_requires":true,"noframes":null,"override":{"merge_connects":true,"merge_excludes":true,"merge_includes":true,"merge_matches":true,"orig_excludes":[],"orig_includes":[],"orig_matches":["*://pan.baidu.com/*","*://yun.baidu.com/*","*://*.weiyun.com/*","*://*.lanzous.com/*","*://*.lanzoux.com/*","*://cloud.189.cn/*","*://*.newday.me/*","*://*.likestyle.cn/*"],"orig_noframes":null,"orig_run_at":"document-start","use_blockers":[],"use_connects":[],"use_excludes":[],"use_includes":[],"use_matches":[]},"run_at":null},"settings":{"enabled":true,"position":11},"meta":{"name":"网盘助手","uuid":"6a7ec2e8-8a7c-4b03-8fc3-e197a9bac424","modified":1608526784210,"file_url":"https://greasyfork.org/scripts/378301-%E7%BD%91%E7%9B%98%E5%8A%A9%E6%89%8B/code/%E7%BD%91%E7%9B%98%E5%8A%A9%E6%89%8B.user.js"}}