{"options":{"awareOfChrome":false,"check_for_updates":true,"comment":null,"compat_arrayleft":false,"compat_foreach":false,"compat_forvarin":false,"compat_metadata":false,"compat_uW_gmonkey":false,"compat_wrappedjsobject":false,"compatopts_for_requires":true,"noframes":null,"override":{"merge_connects":true,"merge_excludes":true,"merge_includes":true,"merge_matches":true,"orig_connects":["eemm.me"],"orig_excludes":["*www.bilibili.com/video*","*www.bilibili.com/v*","*www.bilibili.com/bangumi*","*www.youtube.com/watch*","*www.panda.tv*"],"orig_includes":[],"orig_matches":["*://*/*"],"orig_noframes":null,"orig_run_at":"document-start","use_blockers":[],"use_connects":[],"use_excludes":[],"use_includes":[],"use_matches":[]},"run_at":null},"settings":{"enabled":true,"position":1},"meta":{"name":"网页限制解除(改)","uuid":"75c5e4ca-4c4a-49ee-9e15-45b95123bb21","modified":1616249240056,"file_url":"https://greasyfork.org/scripts/28497-remove-web-limits-modified/code/Remove%20web%20limits(modified).user.js"}}