{"data":{"rwl_userData":"o{\"status\":1,\"version\":0.1,\"message\":\"啦啦啦,啦啦啦,我是卖报的小行家\",\"positionTop\":116,\"positionLeft\":0,\"positionRight\":\"auto\",\"addBtn\":true,\"connectToTheServer\":false,\"waitUpload\":[\"mp.weixin.qq.com\",\"www.lanzou.com\",\"portal.office.com\",\"blog.csdn.net\",\"wenku.baidu.com\",\"www.macno1.com\",\"mooc1-1.chaoxing.com\",\"m.51test.net\",\"www.doc88.com\",\"www.liuxue86.com\",\"www.wendangwang.com\",\"www.52pojie.cn\",\"greasyfork.org\",\"www.baidu.com\",\"www.internetdownloadmanager.com\",\"live.bilibili.com\",\"www.xuexi.cn\",\"www.iqiyi.com\",\"pc.xuexi.cn\",\"github.com\",\"pan.baidu.com\",\"www.coolhub.top\",\"jw.qypt.edu.cn\",\"www.microsoft.com\"],\"currentURL\":\"https://www.microsoft.com/en-us/download/details.aspx?id=9905&6B49FDFB-8E5B-4B07-BC31-15695C5A2143=1\",\"rules\":{\"rule_def\":{\"name\":\"default\",\"hook_eventNames\":\"contextmenu|select|selectstart|copy|cut|dragstart|mousemove|beforeunload\",\"unhook_eventNames\":\"mousedown|mouseup|keydown|keyup\",\"dom0\":true,\"hook_addEventListener\":true,\"hook_preventDefault\":true,\"hook_set_returnValue\":true,\"add_css\":true},\"rule_plus\":{\"name\":\"default\",\"hook_eventNames\":\"contextmenu|select|selectstart|copy|cut|dragstart|mousedown|mouseup|mousemove|beforeunload\",\"unhook_eventNames\":\"keydown|keyup\",\"dom0\":true,\"hook_addEventListener\":true,\"hook_preventDefault\":true,\"hook_set_returnValue\":true,\"add_css\":true},\"rule_zhihu\":{\"name\":\"default\",\"hook_eventNames\":\"contextmenu|select|selectstart|copy|cut|dragstart|mousemove\",\"unhook_eventNames\":\"keydown|keyup\",\"dom0\":true,\"hook_addEventListener\":true,\"hook_preventDefault\":true,\"hook_set_returnValue\":true,\"add_css\":true}},\"data\":[\"b.faloo.com\",\"bbs.coocaa.com\",\"blog.csdn.net\",\"book.hjsm.tom.com\",\"book.zhulang.com\",\"book.zongheng.com\",\"chokstick.com\",\"chuangshi.qq.com\",\"city.udn.com\",\"cutelisa55.pixnet.net\",\"greasyfork.org\",\"huayu.baidu.com\",\"imac.hk\",\"jw.qypt.edu.cn\",\"life.tw\",\"live.bilibili.com\",\"luxmuscles.com\",\"m.51test.net\",\"mooc1-1.chaoxing.com\",\"movie.douban.com\",\"mp.weixin.qq.com\",\"news.missevan.com\",\"pan.baidu.com\",\"pc.xuexi.cn\",\"portal.office.com\",\"read.qidian.com\",\"vipreader.qidian.com\",\"wenku.baidu.com\",\"www.15yan.com\",\"www.17k.com\",\"www.18183.com\",\"www.360doc.com\",\"www.52pojie.cn\",\"www.baidu.com\",\"www.coco01.net\",\"www.coolhub.top\",\"www.doc88.com\",\"www.eyu.com\",\"www.hongshu.com\",\"www.hongxiu.com\",\"www.imooc.com\",\"www.internetdownloadmanager.com\",\"www.iqiyi.com\",\"www.jjwxc.net\",\"www.lanzou.com\",\"www.liuxue86.com\",\"www.macno1.com\",\"www.microsoft.com\",\"www.myhtlmebook.com\",\"www.pigai.org\",\"www.ppkao.com\",\"www.readnovel.com\",\"www.ruiwen.com\",\"www.sdifen.com\",\"www.shangc.net\",\"www.tadu.com\",\"www.wendangwang.com\",\"www.xuexi.cn\",\"www.xxsy.net\",\"www.z3z4.com\",\"www.zhihu.com\",\"yuedu.163.com\"],\"shortcut\":3}"},"ts":1616923390615}