{"options":{"awareOfChrome":false,"check_for_updates":true,"comment":null,"compat_arrayleft":false,"compat_foreach":false,"compat_forvarin":false,"compat_metadata":false,"compat_prototypes":true,"compat_uW_gmonkey":false,"compat_wrappedjsobject":false,"compatopts_for_requires":true,"noframes":null,"override":{"merge_connects":true,"merge_excludes":true,"merge_includes":true,"merge_matches":true,"orig_excludes":[],"orig_includes":[],"orig_matches":["*://*.chaoxing.com/*","*://*.edu.cn/*","*://*.nbdlib.cn/*","*://*.hnsyu.net/*"],"orig_noframes":null,"orig_run_at":"document-end","use_blockers":[],"use_connects":[],"use_excludes":[],"use_includes":[],"use_matches":[]},"run_at":null},"settings":{"enabled":false,"position":10},"meta":{"name":"超星网课助手(改)(查题可用)","uuid":"d77d176f-9661-493b-96f3-d97a86ba94a4","modified":1609489928570,"file_url":"http://script.tampermonkey.net.cn/10.user.js"}}